Date,Start,End,Session,Group,Team,Notes
2026-09-27,8:00 AM,10:30 AM,Sign in / Track Set Up,,,
,10:30 AM,4:30 PM,Group and Individual Practice Sessions,,,
2026-09-28,9:30 AM,5:00 PM,Group and Individual Practice Sessions,,,
2026-09-29,9:00 AM,12:00 PM,Group and Individual Practice Sessions,,,
,12:00 PM,3:00 PM,Time Trials,,,
,3:00 PM,5:00 PM,Obstacle Avoidance Check,,,
2026-09-30,9:00 AM,12:00 PM,Part 1 of Race,,,
,12:00 PM,2:00 PM,Part 2 of Race,,,
,2:00 PM,3:00 PM,Final Race,,,
,3:00 PM,4:00 PM,Teardown,,,
,4:00 PM,6:00 PM,Award Ceremony,,,Organized by the conference
,6:00 PM,9:00 PM,RoboRacer Award Ceremony,,,Organized by RoboRacer at CMU
